Workbook

Sheet Données
A1: profil | B1: jour | C1: minutes | D1: niveau | E1: xp_totale | F1: palier | G1: folios_gagnes | H1: folios_en_poche | I1: objets_possedes
A2: Solo20 | B2: 1 | C2: 20 | D2: 13 | E2: 5258 | F2: 17 | G2: 2050 | H2: 850 | I2: 5
A3: Solo20 | B3: 2 | C3: 41 | D3: 18 | E3: 10567 | F3: 26 | G3: 4255 | H3: 655 | I3: 9
A4: Solo20 | B4: 3 | C4: 61 | D4: 22 | E4: 15025 | F4: 31 | G4: 5995 | H4: 1795 | I4: 11
A5: Solo20 | B5: 4 | C5: 81 | D5: 24 | E5: 19533 | F5: 36 | G5: 8080 | H5: 2080 | I5: 13
A6: Solo20 | B6: 5 | C6: 102 | D6: 27 | E6: 24091 | F6: 40 | G6: 10000 | H6: 2200 | I6: 15
A7: Solo20 | B7: 6 | C7: 122 | D7: 29 | E7: 28750 | F7: 44 | G7: 13140 | H7: 3540 | I7: 16
A8: Solo20 | B8: 7 | C8: 142 | D8: 31 | E8: 33608 | F8: 48 | G8: 16380 | H8: 2780 | I8: 18
A9: Solo20 | B9: 8 | C9: 163 | D9: 33 | E9: 39766 | F9: 50 | G9: 18320 | H9: 720 | I9: 20
A10: Solo20 | B10: 9 | C10: 183 | D10: 34 | E10: 44174 | F10: 50 | G10: 18635 | H10: 1035 | I10: 20
A11: Solo20 | B11: 10 | C11: 203 | D11: 36 | E11: 48633 | F11: 50 | G11: 18975 | H11: 1375 | I11: 20
A12: Solo20 | B12: 11 | C12: 224 | D12: 37 | E12: 53141 | F12: 50 | G12: 19340 | H12: 1740 | I12: 20
A13: Solo20 | B13: 12 | C13: 244 | D13: 39 | E13: 57699 | F13: 50 | G13: 19730 | H13: 2130 | I13: 20
... A241: Farmer | B241: 60 | C241: 3604 | D241: 64 | E241: 183400 | F241: 50 | G241: 36600 | H241: 7000 | I241: 22

Sheet Synthèse
A1: Rythme de Vellum sur 60 jours (simulateur, configs réelles)
A2: Chaque chiffre est une formule sur l'onglet Données ; « — » : pas atteint en 60 jours.
A4: Profil | B4: Id | C4: Pass fini (jour) | D4: Niveau 5 (jour) | E4: Niveau 10 (jour) | F4: Niveau 20 (jour) | G4: Niveau 40 (jour) | H4: Folios gagnés J7 | I4: Folios gagnés J30 | J4: Niveau J60 | K4: Palier J60 | L4: Objets J60 | M4: Minutes J60
A5: 20 min/j seul | B5: Solo20 | C5: =IF(COUNTIFS('Données'!$A$2:$A$241,$B5,'Données'!$F$2:$F$241,"<50")=COUNTIFS('Données'!$A$2:$A$241,$B5),"—",COUNTIFS('Données'!$A$2:$A$241,$B5,'Données'!$F$2:$F$241,"<50")+1) | D5: =IF(COUNTIFS('Données'!$A$2:$A$241,$B5,'Données'!$D$2:$D$241,"<5")=COUNTIFS('Données'!$A$2:$A$241,$B5),"—",COUNTIFS('Données'!$A$2:$A$241,$B5,'Données'!$D$2:$D$241,"<5")+1) | E5: =IF(COUNTIFS('Données'!$A$2:$A$241,$B5,'Données'!$D$2:$D$241,"<10")=COUNTIFS('Données'!$A$2:$A$241,$B5),"—",COUNTIFS('Données'!$A$2:$A$241,$B5,'Données'!$D$2:$D$241,"<10")+1) | F5: =IF(COUNTIFS('Données'!$A$2:$A$241,$B5,'Données'!$D$2:$D$241,"<20")=COUNTIFS('Données'!$A$2:$A$241,$B5),"—",COUNTIFS('Données'!$A$2:$A$241,$B5,'Données'!$D$2:$D$241,"<20")+1) | G5: =IF(COUNTIFS('Données'!$A$2:$A$241,$B5,'Données'!$D$2:$D$241,"<40")=COUNTIFS('Données'!$A$2:$A$241,$B5),"—",COUNTIFS('Données'!$A$2:$A$241,$B5,'Données'!$D$2:$D$241,"<40")+1) | H5: =SUMIFS('Données'!$G$2:$G$241,'Données'!$A$2:$A$241,$B5,'Données'!$B$2:$B$241,7) | I5: =SUMIFS('Données'!$G$2:$G$241,'Données'!$A$2:$A$241,$B5,'Données'!$B$2:$B$241,30) | J5: =SUMIFS('Données'!$D$2:$D$241,'Données'!$A$2:$A$241,$B5,'Données'!$B$2:$B$241,60) | K5: =SUMIFS('Données'!$F$2:$F$241,'Données'!$A$2:$A$241,$B5,'Données'!$B$2:$B$241,60) | L5: =SUMIFS('Données'!$I$2:$I$241,'Données'!$A$2:$A$241,$B5,'Données'!$B$2:$B$241,60) | M5: =SUMIFS('Données'!$C$2:$C$241,'Données'!$A$2:$A$241,$B5,'Données'!$B$2:$B$241,60)
A6: 20 min/j en PvP | B6: Pvp20 | C6: =IF(COUNTIFS('Données'!$A$2:$A$241,$B6,'Données'!$F$2:$F$241,"<50")=COUNTIFS('Données'!$A$2:$A$241,$B6),"—",COUNTIFS('Données'!$A$2:$A$241,$B6,'Données'!$F$2:$F$241,"<50")+1) | D6: =IF(COUNTIFS('Données'!$A$2:$A$241,$B6,'Données'!$D$2:$D$241,"<5")=COUNTIFS('Données'!$A$2:$A$241,$B6),"—",COUNTIFS('Données'!$A$2:$A$241,$B6,'Données'!$D$2:$D$241,"<5")+1) | E6: =IF(COUNTIFS('Données'!$A$2:$A$241,$B6,'Données'!$D$2:$D$241,"<10")=COUNTIFS('Données'!$A$2:$A$241,$B6),"—",COUNTIFS('Données'!$A$2:$A$241,$B6,'Données'!$D$2:$D$241,"<10")+1) | F6: =IF(COUNTIFS('Données'!$A$2:$A$241,$B6,'Données'!$D$2:$D$241,"<20")=COUNTIFS('Données'!$A$2:$A$241,$B6),"—",COUNTIFS('Données'!$A$2:$A$241,$B6,'Données'!$D$2:$D$241,"<20")+1) | G6: =IF(COUNTIFS('Données'!$A$2:$A$241,$B6,'Données'!$D$2:$D$241,"<40")=COUNTIFS('Données'!$A$2:$A$241,$B6),"—",COUNTIFS('Données'!$A$2:$A$241,$B6,'Données'!$D$2:$D$241,"<40")+1) | H6: =SUMIFS('Données'!$G$2:$G$241,'Données'!$A$2:$A$241,$B6,'Données'!$B$2:$B$241,7) | I6: =SUMIFS('Données'!$G$2:$G$241,'Données'!$A$2:$A$241,$B6,'Données'!$B$2:$B$241,30) | J6: =SUMIFS('Données'!$D$2:$D$241,'Données'!$A$2:$A$241,$B6,'Données'!$B$2:$B$241,60) | K6: =SUMIFS('Données'!$F$2:$F$241,'Données'!$A$2:$A$241,$B6,'Données'!$B$2:$B$241,60) | L6: =SUMIFS('Données'!$I$2:$I$241,'Données'!$A$2:$A$241,$B6,'Données'!$B$2:$B$241,60) | M6: =SUMIFS('Données'!$C$2:$C$241,'Données'!$A$2:$A$241,$B6,'Données'!$B$2:$B$241,60)
A7: 60 min/j en PvP | B7: Pvp60 | C7: =IF(COUNTIFS('Données'!$A$2:$A$241,$B7,'Données'!$F$2:$F$241,"<50")=COUNTIFS('Données'!$A$2:$A$241,$B7),"—",COUNTIFS('Données'!$A$2:$A$241,$B7,'Données'!$F$2:$F$241,"<50")+1) | D7: =IF(COUNTIFS('Données'!$A$2:$A$241,$B7,'Données'!$D$2:$D$241,"<5")=COUNTIFS('Données'!$A$2:$A$241,$B7),"—",COUNTIFS('Données'!$A$2:$A$241,$B7,'Données'!$D$2:$D$241,"<5")+1) | E7: =IF(COUNTIFS('Données'!$A$2:$A$241,$B7,'Données'!$D$2:$D$241,"<10")=COUNTIFS('Données'!$A$2:$A$241,$B7),"—",COUNTIFS('Données'!$A$2:$A$241,$B7,'Données'!$D$2:$D$241,"<10")+1) | F7: =IF(COUNTIFS('Données'!$A$2:$A$241,$B7,'Données'!$D$2:$D$241,"<20")=COUNTIFS('Données'!$A$2:$A$241,$B7),"—",COUNTIFS('Données'!$A$2:$A$241,$B7,'Données'!$D$2:$D$241,"<20")+1) | G7: =IF(COUNTIFS('Données'!$A$2:$A$241,$B7,'Données'!$D$2:$D$241,"<40")=COUNTIFS('Données'!$A$2:$A$241,$B7),"—",COUNTIFS('Données'!$A$2:$A$241,$B7,'Données'!$D$2:$D$241,"<40")+1) | H7: =SUMIFS('Données'!$G$2:$G$241,'Données'!$A$2:$A$241,$B7,'Données'!$B$2:$B$241,7) | I7: =SUMIFS('Données'!$G$2:$G$241,'Données'!$A$2:$A$241,$B7,'Données'!$B$2:$B$241,30) | J7: =SUMIFS('Données'!$D$2:$D$241,'Données'!$A$2:$A$241,$B7,'Données'!$B$2:$B$241,60) | K7: =SUMIFS('Données'!$F$2:$F$241,'Données'!$A$2:$A$241,$B7,'Données'!$B$2:$B$241,60) | L7: =SUMIFS('Données'!$I$2:$I$241,'Données'!$A$2:$A$241,$B7,'Données'!$B$2:$B$241,60) | M7: =SUMIFS('Données'!$C$2:$C$241,'Données'!$A$2:$A$241,$B7,'Données'!$B$2:$B$241,60)
A8: Fermier d'Épreuves | B8: Farmer | C8: =IF(COUNTIFS('Données'!$A$2:$A$241,$B8,'Données'!$F$2:$F$241,"<50")=COUNTIFS('Données'!$A$2:$A$241,$B8),"—",COUNTIFS('Données'!$A$2:$A$241,$B8,'Données'!$F$2:$F$241,"<50")+1) | D8: =IF(COUNTIFS('Données'!$A$2:$A$241,$B8,'Données'!$D$2:$D$241,"<5")=COUNTIFS('Données'!$A$2:$A$241,$B8),"—",COUNTIFS('Données'!$A$2:$A$241,$B8,'Données'!$D$2:$D$241,"<5")+1) | E8: =IF(COUNTIFS('Données'!$A$2:$A$241,$B8,'Données'!$D$2:$D$241,"<10")=COUNTIFS('Données'!$A$2:$A$241,$B8),"—",COUNTIFS('Données'!$A$2:$A$241,$B8,'Données'!$D$2:$D$241,"<10")+1) | F8: =IF(COUNTIFS('Données'!$A$2:$A$241,$B8,'Données'!$D$2:$D$241,"<20")=COUNTIFS('Données'!$A$2:$A$241,$B8),"—",COUNTIFS('Données'!$A$2:$A$241,$B8,'Données'!$D$2:$D$241,"<20")+1) | G8: =IF(COUNTIFS('Données'!$A$2:$A$241,$B8,'Données'!$D$2:$D$241,"<40")=COUNTIFS('Données'!$A$2:$A$241,$B8),"—",COUNTIFS('Données'!$A$2:$A$241,$B8,'Données'!$D$2:$D$241,"<40")+1) | H8: =SUMIFS('Données'!$G$2:$G$241,'Données'!$A$2:$A$241,$B8,'Données'!$B$2:$B$241,7) | I8: =SUMIFS('Données'!$G$2:$G$241,'Données'!$A$2:$A$241,$B8,'Données'!$B$2:$B$241,30) | J8: =SUMIFS('Données'!$D$2:$D$241,'Données'!$A$2:$A$241,$B8,'Données'!$B$2:$B$241,60) | K8: =SUMIFS('Données'!$F$2:$F$241,'Données'!$A$2:$A$241,$B8,'Données'!$B$2:$B$241,60) | L8: =SUMIFS('Données'!$I$2:$I$241,'Données'!$A$2:$A$241,$B8,'Données'!$B$2:$B$241,60) | M8: =SUMIFS('Données'!$C$2:$C$241,'Données'!$A$2:$A$241,$B8,'Données'!$B$2:$B$241,60)
A11: Les minutes jusqu'aux niveaux 5/10/20/40, l'XP/h par activité et le détail des hypothèses de jeu sont
A12: dans docs/ECONOMY.md §2 bis (sortie de lune run scripts/pacing -- --table).

Sheet Courbes
A1: Jour | B1: 20 min/j seul | C1: 20 min/j en PvP | D1: 60 min/j en PvP | E1: Fermier d'Épreuves
A2: =ROW()-1 | B2: =SUMIFS('Données'!$F$2:$F$241,'Données'!$A$2:$A$241,"Solo20",'Données'!$B$2:$B$241,$A2) | C2: =SUMIFS('Données'!$F$2:$F$241,'Données'!$A$2:$A$241,"Pvp20",'Données'!$B$2:$B$241,$A2) | D2: =SUMIFS('Données'!$F$2:$F$241,'Données'!$A$2:$A$241,"Pvp60",'Données'!$B$2:$B$241,$A2) | E2: =SUMIFS('Données'!$F$2:$F$241,'Données'!$A$2:$A$241,"Farmer",'Données'!$B$2:$B$241,$A2)
A3: =ROW()-1 | B3: =SUMIFS('Données'!$F$2:$F$241,'Données'!$A$2:$A$241,"Solo20",'Données'!$B$2:$B$241,$A3) | C3: =SUMIFS('Données'!$F$2:$F$241,'Données'!$A$2:$A$241,"Pvp20",'Données'!$B$2:$B$241,$A3) | D3: =SUMIFS('Données'!$F$2:$F$241,'Données'!$A$2:$A$241,"Pvp60",'Données'!$B$2:$B$241,$A3) | E3: =SUMIFS('Données'!$F$2:$F$241,'Données'!$A$2:$A$241,"Farmer",'Données'!$B$2:$B$241,$A3)
A4: =ROW()-1 | B4: =SUMIFS('Données'!$F$2:$F$241,'Données'!$A$2:$A$241,"Solo20",'Données'!$B$2:$B$241,$A4) | C4: =SUMIFS('Données'!$F$2:$F$241,'Données'!$A$2:$A$241,"Pvp20",'Données'!$B$2:$B$241,$A4) | D4: =SUMIFS('Données'!$F$2:$F$241,'Données'!$A$2:$A$241,"Pvp60",'Données'!$B$2:$B$241,$A4) | E4: =SUMIFS('Données'!$F$2:$F$241,'Données'!$A$2:$A$241,"Farmer",'Données'!$B$2:$B$241,$A4)
A5: =ROW()-1 | B5: =SUMIFS('Données'!$F$2:$F$241,'Données'!$A$2:$A$241,"Solo20",'Données'!$B$2:$B$241,$A5) | C5: =SUMIFS('Données'!$F$2:$F$241,'Données'!$A$2:$A$241,"Pvp20",'Données'!$B$2:$B$241,$A5) | D5: =SUMIFS('Données'!$F$2:$F$241,'Données'!$A$2:$A$241,"Pvp60",'Données'!$B$2:$B$241,$A5) | E5: =SUMIFS('Données'!$F$2:$F$241,'Données'!$A$2:$A$241,"Farmer",'Données'!$B$2:$B$241,$A5)
A6: =ROW()-1 | B6: =SUMIFS('Données'!$F$2:$F$241,'Données'!$A$2:$A$241,"Solo20",'Données'!$B$2:$B$241,$A6) | C6: =SUMIFS('Données'!$F$2:$F$241,'Données'!$A$2:$A$241,"Pvp20",'Données'!$B$2:$B$241,$A6) | D6: =SUMIFS('Données'!$F$2:$F$241,'Données'!$A$2:$A$241,"Pvp60",'Données'!$B$2:$B$241,$A6) | E6: =SUMIFS('Données'!$F$2:$F$241,'Données'!$A$2:$A$241,"Farmer",'Données'!$B$2:$B$241,$A6)
A7: =ROW()-1 | B7: =SUMIFS('Données'!$F$2:$F$241,'Données'!$A$2:$A$241,"Solo20",'Données'!$B$2:$B$241,$A7) | C7: =SUMIFS('Données'!$F$2:$F$241,'Données'!$A$2:$A$241,"Pvp20",'Données'!$B$2:$B$241,$A7) | D7: =SUMIFS('Données'!$F$2:$F$241,'Données'!$A$2:$A$241,"Pvp60",'Données'!$B$2:$B$241,$A7) | E7: =SUMIFS('Données'!$F$2:$F$241,'Données'!$A$2:$A$241,"Farmer",'Données'!$B$2:$B$241,$A7)
A8: =ROW()-1 | B8: =SUMIFS('Données'!$F$2:$F$241,'Données'!$A$2:$A$241,"Solo20",'Données'!$B$2:$B$241,$A8) | C8: =SUMIFS('Données'!$F$2:$F$241,'Données'!$A$2:$A$241,"Pvp20",'Données'!$B$2:$B$241,$A8) | D8: =SUMIFS('Données'!$F$2:$F$241,'Données'!$A$2:$A$241,"Pvp60",'Données'!$B$2:$B$241,$A8) | E8: =SUMIFS('Données'!$F$2:$F$241,'Données'!$A$2:$A$241,"Farmer",'Données'!$B$2:$B$241,$A8)
A9: =ROW()-1 | B9: =SUMIFS('Données'!$F$2:$F$241,'Données'!$A$2:$A$241,"Solo20",'Données'!$B$2:$B$241,$A9) | C9: =SUMIFS('Données'!$F$2:$F$241,'Données'!$A$2:$A$241,"Pvp20",'Données'!$B$2:$B$241,$A9) | D9: =SUMIFS('Données'!$F$2:$F$241,'Données'!$A$2:$A$241,"Pvp60",'Données'!$B$2:$B$241,$A9) | E9: =SUMIFS('Données'!$F$2:$F$241,'Données'!$A$2:$A$241,"Farmer",'Données'!$B$2:$B$241,$A9)
A10: =ROW()-1 | B10: =SUMIFS('Données'!$F$2:$F$241,'Données'!$A$2:$A$241,"Solo20",'Données'!$B$2:$B$241,$A10) | C10: =SUMIFS('Données'!$F$2:$F$241,'Données'!$A$2:$A$241,"Pvp20",'Données'!$B$2:$B$241,$A10) | D10: =SUMIFS('Données'!$F$2:$F$241,'Données'!$A$2:$A$241,"Pvp60",'Données'!$B$2:$B$241,$A10) | E10: =SUMIFS('Données'!$F$2:$F$241,'Données'!$A$2:$A$241,"Farmer",'Données'!$B$2:$B$241,$A10)
A11: =ROW()-1 | B11: =SUMIFS('Données'!$F$2:$F$241,'Données'!$A$2:$A$241,"Solo20",'Données'!$B$2:$B$241,$A11) | C11: =SUMIFS('Données'!$F$2:$F$241,'Données'!$A$2:$A$241,"Pvp20",'Données'!$B$2:$B$241,$A11) | D11: =SUMIFS('Données'!$F$2:$F$241,'Données'!$A$2:$A$241,"Pvp60",'Données'!$B$2:$B$241,$A11) | E11: =SUMIFS('Données'!$F$2:$F$241,'Données'!$A$2:$A$241,"Farmer",'Données'!$B$2:$B$241,$A11)
A12: =ROW()-1 | B12: =SUMIFS('Données'!$F$2:$F$241,'Données'!$A$2:$A$241,"Solo20",'Données'!$B$2:$B$241,$A12) | C12: =SUMIFS('Données'!$F$2:$F$241,'Données'!$A$2:$A$241,"Pvp20",'Données'!$B$2:$B$241,$A12) | D12: =SUMIFS('Données'!$F$2:$F$241,'Données'!$A$2:$A$241,"Pvp60",'Données'!$B$2:$B$241,$A12) | E12: =SUMIFS('Données'!$F$2:$F$241,'Données'!$A$2:$A$241,"Farmer",'Données'!$B$2:$B$241,$A12)
A13: =ROW()-1 | B13: =SUMIFS('Données'!$F$2:$F$241,'Données'!$A$2:$A$241,"Solo20",'Données'!$B$2:$B$241,$A13) | C13: =SUMIFS('Données'!$F$2:$F$241,'Données'!$A$2:$A$241,"Pvp20",'Données'!$B$2:$B$241,$A13) | D13: =SUMIFS('Données'!$F$2:$F$241,'Données'!$A$2:$A$241,"Pvp60",'Données'!$B$2:$B$241,$A13) | E13: =SUMIFS('Données'!$F$2:$F$241,'Données'!$A$2:$A$241,"Farmer",'Données'!$B$2:$B$241,$A13)
... A61: =ROW()-1 | B61: =SUMIFS('Données'!$F$2:$F$241,'Données'!$A$2:$A$241,"Solo20",'Données'!$B$2:$B$241,$A61) | C61: =SUMIFS('Données'!$F$2:$F$241,'Données'!$A$2:$A$241,"Pvp20",'Données'!$B$2:$B$241,$A61) | D61: =SUMIFS('Données'!$F$2:$F$241,'Données'!$A$2:$A$241,"Pvp60",'Données'!$B$2:$B$241,$A61) | E61: =SUMIFS('Données'!$F$2:$F$241,'Données'!$A$2:$A$241,"Farmer",'Données'!$B$2:$B$241,$A61)
